roadDrive2_frame01500.png,-12.361494126126189,-12.0
roadDrive2_frame01501.png,-14.178617114629901,-13.5
roadDrive2_frame01502.png,-17.442039892159187,-18.0
roadDrive2_frame01503.png,-20.29812671493829,-21.0
roadDrive2_frame01504.png,-22.546763201873347,-22.5
roadDrive2_frame01505.png,-25.26855673453349,-22.5
roadDrive2_frame01506.png,-28.49815441641971,-22.5
roadDrive2_frame01507.png,-32.184248978559225,-22.5
roadDrive2_frame01508.png,-34.570392340985876,-22.5
roadDrive2_frame01509.png,-37.306913927868834,-22.5
roadDrive2_frame01510.png,-36.832460190956425,-22.5
roadDrive2_frame01511.png,-36.85321471033245,-22.5
roadDrive2_frame01512.png,-39.03410960745961,-22.5
roadDrive2_frame01513.png,-41.963383173558725,-22.5
roadDrive2_frame01514.png,-41.727506141035605,-22.5
roadDrive2_frame01515.png,-41.36778437240531,-22.5
roadDrive2_frame01516.png,-41.99813631207326,-22.5
roadDrive2_frame01517.png,-41.896975109090334,-22.5
roadDrive2_frame01518.png,-39.09118835296826,-22.5
roadDrive2_frame01519.png,-33.27150862098998,-22.5
roadDrive2_frame01520.png,-27.276708566160238,-22.5
roadDrive2_frame01521.png,-25.28696436563041,-22.5
roadDrive2_frame01522.png,-25.21152455258209,-22.5
roadDrive2_frame01523.png,-25.58193577366393,-22.5
roadDrive2_frame01524.png,-25.377615843045646,-22.5
roadDrive2_frame01525.png,-23.36853849269781,-22.5
roadDrive2_frame01526.png,-22.422237339466022,-22.5
roadDrive2_frame01527.png,-22.548800432928317,-22.5
roadDrive2_frame01528.png,-22.31286112683466,-22.5
roadDrive2_frame01529.png,-22.06582475800542,-22.5
roadDrive2_frame01530.png,-22.358816303236267,-22.5
roadDrive2_frame01531.png,-21.160953169920617,-21.0
roadDrive2_frame01532.png,-22.469767786737805,-22.5
roadDrive2_frame01533.png,-22.548756412611993,-22.5
roadDrive2_frame01534.png,-24.46138620558301,-22.5
roadDrive2_frame01535.png,-26.85098258948082,-22.5
roadDrive2_frame01536.png,-27.158996010293606,-22.5
roadDrive2_frame01537.png,-28.239950543289154,-22.5
roadDrive2_frame01538.png,-29.182139793562442,-22.5
roadDrive2_frame01539.png,-28.530454316076373,-22.5
roadDrive2_frame01540.png,-28.703745180479416,-22.5
roadDrive2_frame01541.png,-29.790341386290123,-22.5
roadDrive2_frame01542.png,-30.665119952430672,-22.5
roadDrive2_frame01543.png,-34.5362142772465,-22.5
roadDrive2_frame01544.png,-39.241480695966516,-22.5
roadDrive2_frame01545.png,-40.80964526602915,-22.5
roadDrive2_frame01546.png,-39.61020722748779,-22.5
roadDrive2_frame01547.png,-39.03102886596227,-22.5
roadDrive2_frame01548.png,-39.816392500075324,-22.5
roadDrive2_frame01549.png,-39.82927722332164,-22.5
roadDrive2_frame01550.png,-41.1941347976512,-22.5
roadDrive2_frame01551.png,-42.42623480740636,-22.5
roadDrive2_frame01552.png,-42.41830117050307,-22.5
roadDrive2_frame01553.png,-41.762816188454764,-22.5
roadDrive2_frame01554.png,-38.07871666226589,-22.5
roadDrive2_frame01555.png,-35.173965052423114,-22.5
roadDrive2_frame01556.png,-34.976263397787534,-22.5
roadDrive2_frame01557.png,-35.53823407182912,-22.5
roadDrive2_frame01558.png,-35.99825371533052,-22.5
roadDrive2_frame01559.png,-36.9330476142172,-22.5
roadDrive2_frame01560.png,-37.93523159023533,-22.5
roadDrive2_frame01561.png,-38.27783248418723,-22.5
roadDrive2_frame01562.png,-38.95431538520833,-22.5
roadDrive2_frame01563.png,-39.18888901479767,-22.5
roadDrive2_frame01564.png,-38.45894293622817,-22.5
roadDrive2_frame01565.png,-34.678370539184584,-22.5
roadDrive2_frame01566.png,-36.654229505449734,-22.5
roadDrive2_frame01567.png,-37.80804015345922,-22.5
roadDrive2_frame01568.png,-37.934101938053914,-22.5
roadDrive2_frame01569.png,-36.63585823805576,-22.5
roadDrive2_frame01570.png,-37.84242433676789,-22.5
roadDrive2_frame01571.png,-43.714642314292234,-22.5
roadDrive2_frame01572.png,-51.948112563906506,-22.5
roadDrive2_frame01573.png,-58.769879539369015,-22.5
roadDrive2_frame01574.png,-62.64776333792372,-22.5
roadDrive2_frame01575.png,-66.77617233044549,-22.5
roadDrive2_frame01576.png,-68.81319136213895,-22.5
roadDrive2_frame01577.png,-67.91093237971893,-22.5
roadDrive2_frame01578.png,-64.99751824563236,-22.5
roadDrive2_frame01579.png,-60.088703286099786,-22.5
roadDrive2_frame01580.png,-59.26303858912462,-22.5
roadDrive2_frame01581.png,-58.8357641078436,-22.5
roadDrive2_frame01582.png,-60.31588254082854,-22.5
roadDrive2_frame01583.png,-60.35561529704054,-22.5
roadDrive2_frame01584.png,-58.38058825591074,-22.5
roadDrive2_frame01585.png,-56.679335768034434,-22.5
roadDrive2_frame01586.png,-56.39733404989471,-22.5
roadDrive2_frame01587.png,-55.67400636844053,-22.5
roadDrive2_frame01588.png,-56.22438881834228,-22.5
roadDrive2_frame01589.png,-55.19529776181423,-22.5
roadDrive2_frame01590.png,-56.825673680271564,-22.5
roadDrive2_frame01591.png,-56.61135027554323,-22.5
roadDrive2_frame01592.png,-56.60573885926374,-22.5
roadDrive2_frame01593.png,-57.379270390179215,-22.5
roadDrive2_frame01594.png,-56.986736084432806,-22.5
roadDrive2_frame01595.png,-56.90829682913602,-22.5
roadDrive2_frame01596.png,-57.166940569409434,-22.5
roadDrive2_frame01597.png,-56.83537569530401,-22.5
roadDrive2_frame01598.png,-56.86163283269332,-22.5
roadDrive2_frame01599.png,-56.682046695885674,-22.5
roadDrive2_frame01600.png,-54.58792489611571,-22.5
roadDrive2_frame01601.png,-52.66786802241603,-22.5
roadDrive2_frame01602.png,-53.71895521230121,-22.5
roadDrive2_frame01603.png,-52.247900846317094,-22.5
roadDrive2_frame01604.png,-47.65151752616791,-22.5
roadDrive2_frame01605.png,-42.45252065111691,-22.5
roadDrive2_frame01606.png,-35.62563506980217,-22.5
roadDrive2_frame01607.png,-28.624782847181194,-22.5
roadDrive2_frame01608.png,-23.263685134022268,-22.5
roadDrive2_frame01609.png,-23.611182829622777,-22.5
roadDrive2_frame01610.png,-25.072397378888553,-22.5
roadDrive2_frame01611.png,-26.040918241779593,-22.5
roadDrive2_frame01612.png,-25.435369255211725,-22.5
roadDrive2_frame01613.png,-22.43611773594128,-22.5
roadDrive2_frame01614.png,-20.82002362638073,-21.0
roadDrive2_frame01615.png,-21.712098257235084,-21.0
roadDrive2_frame01616.png,-24.123373439767278,-22.5
roadDrive2_frame01617.png,-24.86198384770745,-22.5
roadDrive2_frame01618.png,-25.072137614705667,-22.5
roadDrive2_frame01619.png,-25.58868425401505,-22.5
roadDrive2_frame01620.png,-25.622993908071976,-22.5
roadDrive2_frame01621.png,-25.7272982741938,-22.5
roadDrive2_frame01622.png,-25.88020436568516,-22.5
roadDrive2_frame01623.png,-26.756706006308747,-22.5
roadDrive2_frame01624.png,-28.951431501818746,-22.5
roadDrive2_frame01625.png,-28.0605473488921,-22.5
roadDrive2_frame01626.png,-24.44283648501232,-22.5
roadDrive2_frame01627.png,-23.29300743473692,-22.5
roadDrive2_frame01628.png,-21.419767150210504,-21.0
roadDrive2_frame01629.png,-20.77446287273432,-21.0
roadDrive2_frame01630.png,-22.349085778187373,-22.5
roadDrive2_frame01631.png,-23.642439093863032,-22.5
roadDrive2_frame01632.png,-23.643033844620106,-22.5
roadDrive2_frame01633.png,-24.546826630436925,-22.5
roadDrive2_frame01634.png,-24.618513843273718,-22.5
roadDrive2_frame01635.png,-24.421746192116643,-22.5
roadDrive2_frame01636.png,-24.286852025196396,-22.5
roadDrive2_frame01637.png,-23.711347065561682,-22.5
roadDrive2_frame01638.png,-22.04775931950698,-22.5
roadDrive2_frame01639.png,-19.6336670368012,-19.5
roadDrive2_frame01640.png,-17.553562568171373,-18.0
roadDrive2_frame01641.png,-16.917334552650402,-16.5
roadDrive2_frame01642.png,-13.4377853199627,-13.5
roadDrive2_frame01643.png,-9.464799880951915,-9.0
roadDrive2_frame01644.png,-4.240603423431821,-4.5
roadDrive2_frame01645.png,-1.6715224672318243,-1.5
roadDrive2_frame01646.png,-0.529812281130063,0.0
roadDrive2_frame01647.png,0.07664550003752879,0.0
roadDrive2_frame01648.png,-0.16904211830907911,0.0
roadDrive2_frame01649.png,1.1507349380707694,1.5
roadDrive2_frame01650.png,-0.524854400436368,0.0
roadDrive2_frame01651.png,0.04972684027708851,0.0
roadDrive2_frame01652.png,-1.3730534254973463,-1.5
roadDrive2_frame01653.png,-2.5675788370926114,-3.0
roadDrive2_frame01654.png,-3.1601025065969566,-3.0
roadDrive2_frame01655.png,-7.5791236970288764,-7.5
roadDrive2_frame01656.png,-13.987491354027384,-13.5
roadDrive2_frame01657.png,-16.333670155086708,-16.5
roadDrive2_frame01658.png,-16.73875734516909,-16.5
roadDrive2_frame01659.png,-17.39784794656194,-15.0
roadDrive2_frame01660.png,-18.108158654995776,-18.0
roadDrive2_frame01661.png,-20.404629587889787,-21.0
roadDrive2_frame01662.png,-23.022975783085855,-22.5
roadDrive2_frame01663.png,-23.151298971680546,-22.5
roadDrive2_frame01664.png,-22.013543864550343,-22.5
roadDrive2_frame01665.png,-22.961247435611,-22.5
roadDrive2_frame01666.png,-25.797057663962192,-22.5
roadDrive2_frame01667.png,-28.593550789226754,-22.5
roadDrive2_frame01668.png,-31.594505170780536,-22.5
roadDrive2_frame01669.png,-33.59057671659173,-22.5
roadDrive2_frame01670.png,-35.12907966930803,-22.5
roadDrive2_frame01671.png,-35.307513250591995,-22.5
roadDrive2_frame01672.png,-35.15382212768168,-22.5
roadDrive2_frame01673.png,-35.09844104231246,-22.5
roadDrive2_frame01674.png,-34.84554750967831,-22.5
roadDrive2_frame01675.png,-34.37257721797425,-22.5
roadDrive2_frame01676.png,-35.15629545217422,-22.5
roadDrive2_frame01677.png,-35.75719587074309,-22.5
roadDrive2_frame01678.png,-36.4642103864725,-22.5
roadDrive2_frame01679.png,-37.59970540987871,-22.5
roadDrive2_frame01680.png,-36.421608173208625,-22.5
roadDrive2_frame01681.png,-35.58454004129149,-22.5
roadDrive2_frame01682.png,-34.54063327566516,-22.5
roadDrive2_frame01683.png,-36.02563067136896,-22.5
roadDrive2_frame01684.png,-38.16314295405158,-22.5
roadDrive2_frame01685.png,-40.33391957920679,-22.5
roadDrive2_frame01686.png,-40.91081670276654,-22.5
roadDrive2_frame01687.png,-40.86719644370001,-22.5
roadDrive2_frame01688.png,-39.147197469534234,-22.5
roadDrive2_frame01689.png,-36.505886686150916,-22.5
roadDrive2_frame01690.png,-36.47343667951884,-22.5
roadDrive2_frame01691.png,-37.40622578787523,-22.5
roadDrive2_frame01692.png,-38.24390066406994,-22.5
roadDrive2_frame01693.png,-38.54341515559008,-22.5
roadDrive2_frame01694.png,-38.69336127330726,-22.5
roadDrive2_frame01695.png,-38.54363236557177,-22.5
roadDrive2_frame01696.png,-40.90473242728325,-22.5
roadDrive2_frame01697.png,-43.779791864208164,-22.5
roadDrive2_frame01698.png,-49.418210813367324,-22.5
roadDrive2_frame01699.png,-54.055307085575265,-22.5
roadDrive2_frame01700.png,-59.01917391217981,-22.5
roadDrive2_frame01701.png,-61.14277600154247,-22.5
roadDrive2_frame01702.png,-59.00291900604057,-22.5
roadDrive2_frame01703.png,-57.498667238893006,-22.5
roadDrive2_frame01704.png,-55.99223818350444,-22.5
roadDrive2_frame01705.png,-54.42923579597837,-22.5
roadDrive2_frame01706.png,-52.42605618654969,-22.5
roadDrive2_frame01707.png,-49.945925540437685,-22.5
roadDrive2_frame01708.png,-49.80578912793408,-22.5
roadDrive2_frame01709.png,-48.42040149055563,-22.5
roadDrive2_frame01710.png,-48.797317471791786,-22.5
roadDrive2_frame01711.png,-48.31106901908433,-22.5
roadDrive2_frame01712.png,-48.439518640880635,-22.5
roadDrive2_frame01713.png,-47.76117811923356,-22.5
roadDrive2_frame01714.png,-47.94874789986903,-22.5
roadDrive2_frame01715.png,-46.967028367294205,-22.5
roadDrive2_frame01716.png,-45.15950931705518,-22.5
roadDrive2_frame01717.png,-45.10778093271094,-22.5
roadDrive2_frame01718.png,-45.754543157373064,-22.5
roadDrive2_frame01719.png,-43.092904068052974,-22.5
roadDrive2_frame01720.png,-42.73974901771655,-22.5
roadDrive2_frame01721.png,-42.17303631217979,-22.5
roadDrive2_frame01722.png,-41.34791089763465,-22.5
roadDrive2_frame01723.png,-37.12072328433604,-22.5
roadDrive2_frame01724.png,-35.01474172874825,-22.5
roadDrive2_frame01725.png,-35.967560764065894,-22.5
roadDrive2_frame01726.png,-37.22220920761043,-22.5
roadDrive2_frame01727.png,-37.23469257183649,-22.5
roadDrive2_frame01728.png,-36.769458225094695,-22.5
roadDrive2_frame01729.png,-36.558094717667046,-22.5
roadDrive2_frame01730.png,-36.76458196083436,-22.5
roadDrive2_frame01731.png,-36.94903404036046,-22.5
roadDrive2_frame01732.png,-37.33470174335713,-22.5
roadDrive2_frame01733.png,-39.06622670143901,-22.5
roadDrive2_frame01734.png,-39.89710071214344,-22.5
roadDrive2_frame01735.png,-39.62011197855858,-22.5
roadDrive2_frame01736.png,-39.91524957449431,-22.5
roadDrive2_frame01737.png,-40.53586187379278,-22.5
roadDrive2_frame01738.png,-40.31226167657738,-22.5
roadDrive2_frame01739.png,-38.413169748268984,-22.5
roadDrive2_frame01740.png,-37.38466765872542,-22.5
roadDrive2_frame01741.png,-39.15824582268664,-22.5
roadDrive2_frame01742.png,-38.24739949315048,-22.5
roadDrive2_frame01743.png,-35.42871961473472,-22.5
roadDrive2_frame01744.png,-29.856068928287527,-22.5
roadDrive2_frame01745.png,-25.176845535136977,-22.5
roadDrive2_frame01746.png,-20.504493568226877,-21.0
roadDrive2_frame01747.png,-20.444434755968842,-21.0
roadDrive2_frame01748.png,-19.780961895878505,-19.5
roadDrive2_frame01749.png,-19.910650005374436,-19.5
roadDrive2_frame01750.png,-22.328819720014792,-22.5
roadDrive2_frame01751.png,-24.80087237709327,-22.5
roadDrive2_frame01752.png,-27.291251435759193,-22.5
roadDrive2_frame01753.png,-28.037723476688285,-22.5
roadDrive2_frame01754.png,-29.657626902381452,-18.0
roadDrive2_frame01755.png,-30.4041126630905,-22.5
roadDrive2_frame01756.png,-30.27725165332481,-22.5
roadDrive2_frame01757.png,-30.614425642193652,-22.5
roadDrive2_frame01758.png,-32.29113788990958,-22.5
roadDrive2_frame01759.png,-33.55220228853659,-22.5
roadDrive2_frame01760.png,-33.58014319022362,-22.5
roadDrive2_frame01761.png,-33.544452784085564,-22.5
roadDrive2_frame01762.png,-33.658561842428696,-22.5
roadDrive2_frame01763.png,-33.334451898494365,-22.5
roadDrive2_frame01764.png,-33.69586833249912,-22.5
roadDrive2_frame01765.png,-34.77939743199738,-22.5
roadDrive2_frame01766.png,-37.24385912714342,-22.5
roadDrive2_frame01767.png,-38.80002659532127,-22.5
roadDrive2_frame01768.png,-39.96892028395243,-22.5
roadDrive2_frame01769.png,-41.586310938841336,-22.5
roadDrive2_frame01770.png,-43.78740901663937,-22.5
roadDrive2_frame01771.png,-46.27800458796031,-22.5
roadDrive2_frame01772.png,-48.134891787181346,-22.5
roadDrive2_frame01773.png,-48.15661779194622,-22.5
roadDrive2_frame01774.png,-49.84111134463316,-22.5
roadDrive2_frame01775.png,-53.843341625198605,-22.5
roadDrive2_frame01776.png,-58.60669923986225,-22.5
roadDrive2_frame01777.png,-61.76734741561137,-22.5
roadDrive2_frame01778.png,-64.15010147679507,-22.5
roadDrive2_frame01779.png,-67.74812733252818,-21.0
roadDrive2_frame01780.png,-69.94446934307234,-21.0
roadDrive2_frame01781.png,-71.85046985211693,-22.5
roadDrive2_frame01782.png,-77.73458145046297,-22.5
roadDrive2_frame01783.png,-87.87646775995137,-22.5
roadDrive2_frame01784.png,-98.50615083690445,-22.5
roadDrive2_frame01785.png,-102.00410426653826,-22.5
roadDrive2_frame01786.png,-100.49565929094962,-22.5
roadDrive2_frame01787.png,-100.41882993696936,-22.5
roadDrive2_frame01788.png,-101.0146179942621,-22.5
roadDrive2_frame01789.png,-102.13774204465892,-22.5
roadDrive2_frame01790.png,-103.88615562239397,-22.5
roadDrive2_frame01791.png,-105.4454915972494,-22.5
roadDrive2_frame01792.png,-107.12497886410691,-22.5
roadDrive2_frame01793.png,-106.98254382079142,-22.5
roadDrive2_frame01794.png,-107.3218642025762,-21.0
roadDrive2_frame01795.png,-107.27123761831038,-22.5
roadDrive2_frame01796.png,-107.18539052372145,-22.5
roadDrive2_frame01797.png,-107.57447170433727,-22.5
roadDrive2_frame01798.png,-107.27301602653381,-22.5
roadDrive2_frame01799.png,-107.21981601717582,-22.5
roadDrive2_frame01800.png,-107.57058783200753,-22.5
roadDrive2_frame01801.png,-107.7900818318625,-22.5
roadDrive2_frame01802.png,-106.82945824470175,-22.5
roadDrive2_frame01803.png,-106.62477736735875,-22.5
roadDrive2_frame01804.png,-104.684064189033,-22.5
roadDrive2_frame01805.png,-102.73041076423061,-22.5
roadDrive2_frame01806.png,-100.57509512289263,-22.5
roadDrive2_frame01807.png,-101.25375766552727,-22.5
roadDrive2_frame01808.png,-102.65476392450887,-22.5
roadDrive2_frame01809.png,-103.65821895734646,-22.5
roadDrive2_frame01810.png,-106.01112407625001,-22.5
roadDrive2_frame01811.png,-110.56743125376826,-22.5
roadDrive2_frame01812.png,-113.32312885573663,-22.5
roadDrive2_frame01813.png,-112.6796733204921,-22.5
roadDrive2_frame01814.png,-112.6604454082229,-22.5
roadDrive2_frame01815.png,-115.25560347151512,-22.5
roadDrive2_frame01816.png,-116.19242525374133,-22.5
roadDrive2_frame01817.png,-116.791078104549,-22.5
roadDrive2_frame01818.png,-117.62759570227709,-22.5
roadDrive2_frame01819.png,-117.55446396876863,-22.5
roadDrive2_frame01820.png,-117.08071779076195,-22.5
roadDrive2_frame01821.png,-115.8910762104799,-22.5
roadDrive2_frame01822.png,-115.75391296232135,-22.5
roadDrive2_frame01823.png,-115.71839111186944,-22.5
roadDrive2_frame01824.png,-118.19936906969676,-22.5
roadDrive2_frame01825.png,-122.15158984709947,-22.5
roadDrive2_frame01826.png,-125.12068478711276,-22.5
roadDrive2_frame01827.png,-125.7580486545242,-22.5
roadDrive2_frame01828.png,-127.96960353835397,-22.5
roadDrive2_frame01829.png,-131.8624273365568,-22.5
roadDrive2_frame01830.png,-132.83971817549195,-22.5
roadDrive2_frame01831.png,-134.55199794565596,-22.5
roadDrive2_frame01832.png,-135.66896308108488,-22.5
roadDrive2_frame01833.png,-138.38115024905096,-22.5
roadDrive2_frame01834.png,-140.99475300389236,-22.5
roadDrive2_frame01835.png,-143.84270324997905,-22.5
roadDrive2_frame01836.png,-145.6932885560139,-22.5
roadDrive2_frame01837.png,-146.5583873800571,-22.5
roadDrive2_frame01838.png,-147.67709919164804,-22.5
roadDrive2_frame01839.png,-148.56715671759895,-22.5
roadDrive2_frame01840.png,-150.73992822819758,-1.5
roadDrive2_frame01841.png,-150.88235720457618,22.5
roadDrive2_frame01842.png,-150.50306038236312,19.5
roadDrive2_frame01843.png,-150.60242194651755,22.5
roadDrive2_frame01844.png,-151.0846496660883,16.5
roadDrive2_frame01845.png,-151.8301916527249,22.5
roadDrive2_frame01846.png,-153.0436205645857,12.0
roadDrive2_frame01847.png,-151.859848861739,13.5
roadDrive2_frame01848.png,-151.6556168178317,22.5
roadDrive2_frame01849.png,-150.93150170482525,15.0
roadDrive2_frame01850.png,-150.27885486442784,12.0
roadDrive2_frame01851.png,-150.03821862930286,15.0
roadDrive2_frame01852.png,-149.79900302453586,22.5
roadDrive2_frame01853.png,-149.33755026245305,22.5
roadDrive2_frame01854.png,-148.4463812650937,21.0
roadDrive2_frame01855.png,-145.114151294565,22.5
roadDrive2_frame01856.png,-140.10894600806145,22.5
roadDrive2_frame01857.png,-136.2523171252692,22.5
roadDrive2_frame01858.png,-134.96626988460275,22.5
roadDrive2_frame01859.png,-134.9042610972901,22.5
roadDrive2_frame01860.png,-135.05940956005634,22.5
roadDrive2_frame01861.png,-135.01558816264,22.5
roadDrive2_frame01862.png,-135.0343319764741,22.5
roadDrive2_frame01863.png,-135.0460100131446,22.5
roadDrive2_frame01864.png,-135.0419545561348,22.5
roadDrive2_frame01865.png,-135.04106042617855,9.0
roadDrive2_frame01866.png,-135.04128100795396,-22.5
roadDrive2_frame01867.png,-135.039442000482,19.5
roadDrive2_frame01868.png,-135.0338338958564,-22.5
roadDrive2_frame01869.png,-135.03997346768688,-12.0
roadDrive2_frame01870.png,-135.03213136866154,-22.5
roadDrive2_frame01871.png,-135.04642450260445,-22.5
roadDrive2_frame01872.png,-135.06082226098107,-22.5
roadDrive2_frame01873.png,-134.80839417303883,-22.5
roadDrive2_frame01874.png,-132.93602905787932,-22.5
roadDrive2_frame01875.png,-130.2651498824056,-22.5
roadDrive2_frame01876.png,-126.13546991341562,-22.5
roadDrive2_frame01877.png,-121.09395007257763,-22.5
roadDrive2_frame01878.png,-115.22947939683257,-22.5
roadDrive2_frame01879.png,-109.02959324614037,-22.5
roadDrive2_frame01880.png,-103.32590093032269,-22.5
roadDrive2_frame01881.png,-99.99577099517262,-21.0
roadDrive2_frame01882.png,-96.15808110426372,-22.5
roadDrive2_frame01883.png,-90.27750619509075,-22.5
roadDrive2_frame01884.png,-86.23660722308617,-22.5
roadDrive2_frame01885.png,-84.34110177456643,-22.5
roadDrive2_frame01886.png,-83.61850161189386,-22.5
roadDrive2_frame01887.png,-81.90999059145054,-22.5
roadDrive2_frame01888.png,-78.55389335285335,-22.5
roadDrive2_frame01889.png,-74.03394142937975,-22.5
roadDrive2_frame01890.png,-68.4242690419793,-22.5
roadDrive2_frame01891.png,-62.06285638801671,-22.5
roadDrive2_frame01892.png,-55.30638241628151,-22.5
roadDrive2_frame01893.png,-47.527180587851745,-22.5
roadDrive2_frame01894.png,-39.623702089764606,-22.5
roadDrive2_frame01895.png,-33.01286239683594,-22.5
roadDrive2_frame01896.png,-30.766832063348517,-22.5
roadDrive2_frame01897.png,-31.24935975635853,-22.5
roadDrive2_frame01898.png,-31.71400613980893,-22.5
roadDrive2_frame01899.png,-32.00707842136066,-22.5
roadDrive2_frame01900.png,-32.20401946530373,-22.5
roadDrive2_frame01901.png,-32.49921608749523,-22.5
roadDrive2_frame01902.png,-33.50897103074172,-22.5
roadDrive2_frame01903.png,-33.97679812782752,-22.5
roadDrive2_frame01904.png,-35.62420278863908,-22.5
roadDrive2_frame01905.png,-36.80149814347456,-22.5
roadDrive2_frame01906.png,-38.4839645155221,-22.5
roadDrive2_frame01907.png,-39.35063958709509,-22.5
roadDrive2_frame01908.png,-39.36351221623195,-22.5
roadDrive2_frame01909.png,-39.52974099202717,-22.5
roadDrive2_frame01910.png,-39.59498251482998,-22.5
roadDrive2_frame01911.png,-39.76087288144771,-22.5
roadDrive2_frame01912.png,-39.857918711363595,-22.5
roadDrive2_frame01913.png,-40.03613505467496,-22.5
roadDrive2_frame01914.png,-40.13540181530806,-22.5
roadDrive2_frame01915.png,-40.332300915124534,-22.5
roadDrive2_frame01916.png,-40.45547806503808,-22.5
roadDrive2_frame01917.png,-40.660509167247625,-22.5
roadDrive2_frame01918.png,-40.825166755214354,-22.5
roadDrive2_frame01919.png,-41.890424159384736,-22.5
roadDrive2_frame01920.png,-42.86521621246689,-22.5
roadDrive2_frame01921.png,-42.919387813769134,-22.5
roadDrive2_frame01922.png,-43.047498756673235,-22.5
roadDrive2_frame01923.png,-43.083053006213845,-22.5
roadDrive2_frame01924.png,-43.84242092988879,-22.5
roadDrive2_frame01925.png,-45.41120260830738,-22.5
roadDrive2_frame01926.png,-45.63071115012278,-22.5
roadDrive2_frame01927.png,-45.74070386410088,-22.5
roadDrive2_frame01928.png,-45.93281135825529,-22.5
roadDrive2_frame01929.png,-46.04892708946892,-22.5
roadDrive2_frame01930.png,-46.1616696394216,-22.5
roadDrive2_frame01931.png,-46.37038896762576,-22.5
roadDrive2_frame01932.png,-46.55448535179181,-22.5
roadDrive2_frame01933.png,-46.64294864352556,-22.5
roadDrive2_frame01934.png,-46.69399524766169,-22.5
roadDrive2_frame01935.png,-46.853475670248116,-22.5
roadDrive2_frame01936.png,-46.95505161472681,-22.5
roadDrive2_frame01937.png,-47.12310208467474,-22.5
roadDrive2_frame01938.png,-47.27003190859193,-22.5
roadDrive2_frame01939.png,-46.68806431979047,-22.5
roadDrive2_frame01940.png,-46.4258444288229,-22.5
roadDrive2_frame01941.png,-46.62686810363303,-22.5
roadDrive2_frame01942.png,-46.85952900509116,-22.5
roadDrive2_frame01943.png,-46.97286378805873,-22.5
roadDrive2_frame01944.png,-47.14013886067343,-22.5
roadDrive2_frame01945.png,-47.3389417426427,-22.5
roadDrive2_frame01946.png,-47.542975620444054,-22.5
roadDrive2_frame01947.png,-47.72695970789715,-22.5
roadDrive2_frame01948.png,-47.92280041765227,-22.5
roadDrive2_frame01949.png,-48.121158007230264,-22.5
roadDrive2_frame01950.png,-48.29374363468267,-22.5
roadDrive2_frame01951.png,-48.498055577247385,-22.5
roadDrive2_frame01952.png,-48.70732820980305,-22.5
roadDrive2_frame01953.png,-48.94494889000998,-22.5
roadDrive2_frame01954.png,-49.17492702931267,-22.5
roadDrive2_frame01955.png,-49.325180854087336,-22.5
roadDrive2_frame01956.png,-49.56795657231234,-22.5
roadDrive2_frame01957.png,-49.85121002663243,-22.5
roadDrive2_frame01958.png,-50.023750898138616,-22.5
roadDrive2_frame01959.png,-50.222531539335876,-22.5
roadDrive2_frame01960.png,-50.42878471485932,-22.5
roadDrive2_frame01961.png,-50.69768665758053,-22.5
roadDrive2_frame01962.png,-49.8501849395374,-22.5
roadDrive2_frame01963.png,-49.73125107361932,-22.5
roadDrive2_frame01964.png,-50.031077842792115,-22.5
roadDrive2_frame01965.png,-49.03257242748478,-22.5
roadDrive2_frame01966.png,-47.96357574747205,-22.5
roadDrive2_frame01967.png,-48.27255381245919,-22.5
roadDrive2_frame01968.png,-48.626148852684565,-22.5
roadDrive2_frame01969.png,-48.65590904607873,-22.5
roadDrive2_frame01970.png,-48.94282988703773,-22.5
roadDrive2_frame01971.png,-49.13394982507856,-22.5
roadDrive2_frame01972.png,-49.256720399664914,-22.5
roadDrive2_frame01973.png,-48.938676616166106,-22.5
roadDrive2_frame01974.png,-48.8588564808087,-22.5
roadDrive2_frame01975.png,-49.13877129368328,-22.5
roadDrive2_frame01976.png,-49.34429916295579,-22.5
roadDrive2_frame01977.png,-49.66157417209979,-22.5
roadDrive2_frame01978.png,-49.90499142786027,-22.5
roadDrive2_frame01979.png,-50.14979055640106,-22.5
roadDrive2_frame01980.png,-50.465447967452405,-22.5
roadDrive2_frame01981.png,-50.55326424956826,-22.5
roadDrive2_frame01982.png,-50.850614145330326,-22.5
roadDrive2_frame01983.png,-51.13934690973238,-22.5
roadDrive2_frame01984.png,-51.297811442544855,-22.5
roadDrive2_frame01985.png,-51.49916825470825,-22.5
roadDrive2_frame01986.png,-51.4414649028038,-22.5
roadDrive2_frame01987.png,-50.956173342820534,-22.5
roadDrive2_frame01988.png,-50.369430294713794,-22.5
roadDrive2_frame01989.png,-49.84647141781707,-22.5
roadDrive2_frame01990.png,-49.39651195160218,-22.5
roadDrive2_frame01991.png,-49.61013966781502,-22.5
roadDrive2_frame01992.png,-49.33465978318438,-22.5
roadDrive2_frame01993.png,-49.575615688544445,-22.5
roadDrive2_frame01994.png,-49.90801378530125,-22.5
roadDrive2_frame01995.png,-50.1750702831942,-22.5
roadDrive2_frame01996.png,-50.33727801793597,-22.5
roadDrive2_frame01997.png,-50.67601619617059,-22.5
roadDrive2_frame01998.png,-50.88350984717701,-22.5
roadDrive2_frame01999.png,-51.07217747150864,-22.5
roadDrive2_frame02000.png,-51.30349907544047,-22.5
roadDrive2_frame02001.png,-51.536107007320396,-22.5
roadDrive2_frame02002.png,-51.871299589996596,-22.5
roadDrive2_frame02003.png,-52.1397429144879,-22.5
roadDrive2_frame02004.png,-52.29049212030213,-22.5
roadDrive2_frame02005.png,-52.54150105490339,-22.5
roadDrive2_frame02006.png,-52.71297462836617,-22.5
roadDrive2_frame02007.png,-51.92743997405671,-22.5
roadDrive2_frame02008.png,-52.02720244791621,-22.5
roadDrive2_frame02009.png,-52.04036555252503,-22.5
roadDrive2_frame02010.png,-52.35482813888629,-22.5
roadDrive2_frame02011.png,-52.14151353203991,-22.5
roadDrive2_frame02012.png,-49.82566535261881,-22.5
roadDrive2_frame02013.png,-46.79366649554581,-22.5
roadDrive2_frame02014.png,-44.25213053969483,-22.5
roadDrive2_frame02015.png,-43.855322888374275,-22.5
roadDrive2_frame02016.png,-44.18382358805641,-22.5
roadDrive2_frame02017.png,-44.43989797972651,-22.5
roadDrive2_frame02018.png,-44.6078794717061,-22.5
roadDrive2_frame02019.png,-44.76836300950927,-22.5
roadDrive2_frame02020.png,-44.99937008234585,-22.5
roadDrive2_frame02021.png,-45.273561056303464,-22.5
roadDrive2_frame02022.png,-46.65272631026184,-22.5
roadDrive2_frame02023.png,-49.509483989546396,-22.5
roadDrive2_frame02024.png,-52.11936658170964,-22.5
roadDrive2_frame02025.png,-53.31292899773641,-22.5
roadDrive2_frame02026.png,-53.52128669598906,-22.5
roadDrive2_frame02027.png,-55.07274484147405,-22.5
roadDrive2_frame02028.png,-55.07161603000668,-22.5
roadDrive2_frame02029.png,-55.23720122230489,-22.5
roadDrive2_frame02030.png,-55.23549769152419,-22.5
roadDrive2_frame02031.png,-55.18849642952085,-22.5
roadDrive2_frame02032.png,-55.3142021128797,-22.5
roadDrive2_frame02033.png,-55.19017733282243,-22.5
roadDrive2_frame02034.png,-54.679664483026116,-22.5
roadDrive2_frame02035.png,-54.74440546986963,-22.5
roadDrive2_frame02036.png,-54.697815783408245,-22.5
roadDrive2_frame02037.png,-54.72653619666866,-22.5
roadDrive2_frame02038.png,-54.723761063576546,-22.5
roadDrive2_frame02039.png,-54.71832517584953,-22.5
roadDrive2_frame02040.png,-54.71675837858881,-22.5
roadDrive2_frame02041.png,-54.716693043572434,-22.5
roadDrive2_frame02042.png,-54.71881654596382,-22.5
roadDrive2_frame02043.png,-54.71870044711656,-22.5
roadDrive2_frame02044.png,-54.72097276385553,-22.5
roadDrive2_frame02045.png,-54.721414836786835,-22.5
roadDrive2_frame02046.png,-54.719833976796664,-22.5
roadDrive2_frame02047.png,-54.72262683571306,-22.5
roadDrive2_frame02048.png,-54.723114100434316,-22.5
roadDrive2_frame02049.png,-54.7213596838385,-22.5
roadDrive2_frame02050.png,-54.72278936742225,-22.5
roadDrive2_frame02051.png,-54.721382101539035,-22.5
roadDrive2_frame02052.png,-54.7194436491898,-22.5
roadDrive2_frame02053.png,-54.72115904979789,-22.5
roadDrive2_frame02054.png,-54.71884455646213,-22.5
roadDrive2_frame02055.png,-54.71964095726544,-22.5
roadDrive2_frame02056.png,-54.721184863969114,-22.5
roadDrive2_frame02057.png,-54.72094632002886,-22.5
roadDrive2_frame02058.png,-54.723585369757984,-22.5
roadDrive2_frame02059.png,-54.72134089627224,-22.5
roadDrive2_frame02060.png,-54.72288567658323,-22.5
roadDrive2_frame02061.png,-54.72128033297494,-22.5
roadDrive2_frame02062.png,-54.722558506656284,-22.5
roadDrive2_frame02063.png,-54.72307146849279,-22.5
roadDrive2_frame02064.png,-54.72388742350542,-22.5
roadDrive2_frame02065.png,-54.72518653050719,-22.5
roadDrive2_frame02066.png,-54.75780158413065,-22.5
roadDrive2_frame02067.png,-54.8499283087007,-22.5
roadDrive2_frame02068.png,-54.92602249448369,-22.5
roadDrive2_frame02069.png,-55.065241819584756,-22.5
roadDrive2_frame02070.png,-55.2024891288542,-22.5
roadDrive2_frame02071.png,-55.11653947698808,-22.5
roadDrive2_frame02072.png,-54.70023335711889,-22.5
roadDrive2_frame02073.png,-54.006636082224475,-22.5
roadDrive2_frame02074.png,-53.42451935374574,-22.5
roadDrive2_frame02075.png,-52.87617027388309,-22.5
roadDrive2_frame02076.png,-52.93817767065862,-22.5
roadDrive2_frame02077.png,-52.925252262551,-22.5
roadDrive2_frame02078.png,-51.73152760366665,-22.5
roadDrive2_frame02079.png,-50.895964818661355,-22.5
roadDrive2_frame02080.png,-51.09293601268472,-22.5
roadDrive2_frame02081.png,-51.150420062354726,-22.5
roadDrive2_frame02082.png,-51.32372797078749,-22.5
roadDrive2_frame02083.png,-51.425130703834526,-22.5
roadDrive2_frame02084.png,-51.529761063655215,-22.5
roadDrive2_frame02085.png,-51.61578668194281,-22.5
roadDrive2_frame02086.png,-51.73937161091207,-22.5
roadDrive2_frame02087.png,-51.84104672144697,-22.5
roadDrive2_frame02088.png,-51.97192793901476,-22.5
roadDrive2_frame02089.png,-52.0446373393649,-22.5
roadDrive2_frame02090.png,-52.01622952694339,-22.5
roadDrive2_frame02091.png,-51.9655173262566,-18.0
roadDrive2_frame02092.png,-51.94191009013912,-18.0
roadDrive2_frame02093.png,-51.94357658662956,-21.0
roadDrive2_frame02094.png,-52.008993600386944,-22.5
roadDrive2_frame02095.png,-52.00895994209351,-22.5
roadDrive2_frame02096.png,-51.9901203249795,-22.5
roadDrive2_frame02097.png,-51.99471729706789,-22.5
roadDrive2_frame02098.png,-52.00172060998375,-22.5
roadDrive2_frame02099.png,-52.00183260250982,-22.5
roadDrive2_frame02100.png,-52.00355341052965,-22.5
roadDrive2_frame02101.png,-52.00572444956589,-22.5
roadDrive2_frame02102.png,-52.00529901607831,-22.5
roadDrive2_frame02103.png,-52.004615448087534,-22.5
roadDrive2_frame02104.png,-52.00448808730006,-22.5
roadDrive2_frame02105.png,-52.007240526627115,-22.5
roadDrive2_frame02106.png,-52.00984947176691,-22.5
roadDrive2_frame02107.png,-52.04651416239969,-22.5
roadDrive2_frame02108.png,-52.1772890944745,-22.5
roadDrive2_frame02109.png,-52.21645575142138,-22.5
roadDrive2_frame02110.png,-52.434468545215964,-22.5
roadDrive2_frame02111.png,-52.57262153584364,-22.5
roadDrive2_frame02112.png,-52.765140063323315,-22.5
roadDrive2_frame02113.png,-53.015100863193354,-22.5
roadDrive2_frame02114.png,-53.859468085262776,-22.5
roadDrive2_frame02115.png,-54.43748116710141,-22.5
roadDrive2_frame02116.png,-54.731844661527546,-22.5
roadDrive2_frame02117.png,-55.04114338528777,-22.5
roadDrive2_frame02118.png,-55.240943297517774,-22.5
roadDrive2_frame02119.png,-55.46215660926531,-22.5
roadDrive2_frame02120.png,-55.65525993757639,-22.5
roadDrive2_frame02121.png,-56.62893495659782,-22.5
roadDrive2_frame02122.png,-57.08279050393135,-22.5
roadDrive2_frame02123.png,-57.21416300886497,-22.5
roadDrive2_frame02124.png,-57.24620967097775,-22.5
roadDrive2_frame02125.png,-57.51566090868846,-22.5
roadDrive2_frame02126.png,-56.81856861738517,-22.5
roadDrive2_frame02127.png,-54.87343953939896,-22.5
roadDrive2_frame02128.png,-54.638002562133494,-22.5
roadDrive2_frame02129.png,-54.85346950902331,-22.5
roadDrive2_frame02130.png,-54.97130957862345,-22.5
roadDrive2_frame02131.png,-55.634381180445146,-22.5
roadDrive2_frame02132.png,-57.45044352892519,-22.5
roadDrive2_frame02133.png,-59.48510450240944,-22.5
roadDrive2_frame02134.png,-60.15234301148246,-22.5
roadDrive2_frame02135.png,-60.200038439635435,-22.5
roadDrive2_frame02136.png,-60.366490825617845,-22.5
roadDrive2_frame02137.png,-60.55699326105076,-22.5
roadDrive2_frame02138.png,-62.23927172284806,-22.5
roadDrive2_frame02139.png,-62.8862230093619,-22.5
roadDrive2_frame02140.png,-62.993605219194436,-22.5
roadDrive2_frame02141.png,-63.08357767757548,-22.5
roadDrive2_frame02142.png,-63.256950263700375,-22.5
roadDrive2_frame02143.png,-63.38791514972961,-22.5
roadDrive2_frame02144.png,-63.59670391658109,-22.5
roadDrive2_frame02145.png,-63.779941485965836,-22.5
roadDrive2_frame02146.png,-63.860038236001756,-22.5
roadDrive2_frame02147.png,-64.05598667521787,-22.5
roadDrive2_frame02148.png,-64.28995242564923,-22.5
roadDrive2_frame02149.png,-64.55008843940284,-22.5
roadDrive2_frame02150.png,-64.71340718603727,-22.5
roadDrive2_frame02151.png,-64.91336116407548,-22.5
roadDrive2_frame02152.png,-65.15444155000326,-22.5
roadDrive2_frame02153.png,-65.10111953764195,-22.5
roadDrive2_frame02154.png,-64.86239802550105,-22.5
roadDrive2_frame02155.png,-64.52412784656167,-22.5
roadDrive2_frame02156.png,-63.585114849112415,-22.5
roadDrive2_frame02157.png,-62.91482340232078,-22.5
roadDrive2_frame02158.png,-62.751034341271804,-22.5
roadDrive2_frame02159.png,-63.00914773136019,-22.5
roadDrive2_frame02160.png,-63.25434577912972,-22.5
roadDrive2_frame02161.png,-63.44852525097248,-22.5
roadDrive2_frame02162.png,-63.5887895755795,-22.5
roadDrive2_frame02163.png,-62.75558034000102,-22.5
roadDrive2_frame02164.png,-62.77056620759559,-22.5
roadDrive2_frame02165.png,-63.060277649371216,-22.5
roadDrive2_frame02166.png,-63.35479978054828,-22.5
roadDrive2_frame02167.png,-63.54618179313272,-22.5
roadDrive2_frame02168.png,-63.670941426121644,-22.5
roadDrive2_frame02169.png,-63.95129491305238,-22.5
roadDrive2_frame02170.png,-64.15888002382188,-22.5
roadDrive2_frame02171.png,-64.37155114720285,-22.5
roadDrive2_frame02172.png,-64.52378052589381,-22.5
roadDrive2_frame02173.png,-64.81264295649157,-22.5
roadDrive2_frame02174.png,-65.08536854385798,-22.5
roadDrive2_frame02175.png,-65.37206975400105,-22.5
roadDrive2_frame02176.png,-65.59428355839117,-22.5
roadDrive2_frame02177.png,-65.86577681406385,-22.5
roadDrive2_frame02178.png,-65.90543787845098,-22.5
roadDrive2_frame02179.png,-65.68775814245637,-22.5
roadDrive2_frame02180.png,-64.36454804881984,-22.5
roadDrive2_frame02181.png,-63.239548534141136,-22.5
roadDrive2_frame02182.png,-63.56684289432209,-22.5
roadDrive2_frame02183.png,-63.8659892493672,-22.5
roadDrive2_frame02184.png,-64.18320330887272,-22.5
roadDrive2_frame02185.png,-64.39528005809554,-22.5
roadDrive2_frame02186.png,-64.62650965948843,-22.5
roadDrive2_frame02187.png,-64.38725542593532,-22.5
roadDrive2_frame02188.png,-63.74863509964379,-22.5
roadDrive2_frame02189.png,-62.97633200619994,-22.5
roadDrive2_frame02190.png,-63.330405790243475,-22.5
roadDrive2_frame02191.png,-63.64363057452634,-22.5
roadDrive2_frame02192.png,-63.930629480257394,-22.5
roadDrive2_frame02193.png,-64.13717981693055,-22.5
roadDrive2_frame02194.png,-64.3049347637138,-22.5
roadDrive2_frame02195.png,-64.40202390425947,-22.5
roadDrive2_frame02196.png,-64.67432485408463,-22.5
roadDrive2_frame02197.png,-64.89112584311528,-22.5
roadDrive2_frame02198.png,-64.99666357226153,-22.5
roadDrive2_frame02199.png,-65.09621043323453,-22.5
roadDrive2_frame02200.png,-65.34364318299316,-22.5
roadDrive2_frame02201.png,-65.57269584772432,-13.5
roadDrive2_frame02202.png,-65.72954796784633,-15.0
roadDrive2_frame02203.png,-65.85939725731625,-12.0
roadDrive2_frame02204.png,-65.99950610658927,-12.0
roadDrive2_frame02205.png,-66.3900894319676,-15.0
roadDrive2_frame02206.png,-66.61052273666911,-15.0
roadDrive2_frame02207.png,-66.85879002918566,-13.5
roadDrive2_frame02208.png,-66.72484419161631,-13.5
roadDrive2_frame02209.png,-66.05258334520289,-15.0
roadDrive2_frame02210.png,-65.41056083138339,-15.0
roadDrive2_frame02211.png,-65.2001428771049,-16.5
roadDrive2_frame02212.png,-65.08626542494241,-13.5
roadDrive2_frame02213.png,-65.3597532495111,-15.0
roadDrive2_frame02214.png,-65.84900094866117,-16.5
roadDrive2_frame02215.png,-66.00528151907051,-16.5
roadDrive2_frame02216.png,-66.26086235159474,-15.0
roadDrive2_frame02217.png,-66.49685563036006,-16.5
roadDrive2_frame02218.png,-66.77347075736046,-16.5
roadDrive2_frame02219.png,-67.0093032863104,-15.0
roadDrive2_frame02220.png,-67.2595817087372,-15.0
roadDrive2_frame02221.png,-67.13182044626163,-15.0
roadDrive2_frame02222.png,-66.42573075744562,-13.5
roadDrive2_frame02223.png,-66.74773655879224,-15.0
roadDrive2_frame02224.png,-67.12503835314047,-13.5
roadDrive2_frame02225.png,-67.39768491377193,-15.0
roadDrive2_frame02226.png,-66.69831909345574,-15.0
roadDrive2_frame02227.png,-65.04846384270722,-15.0
roadDrive2_frame02228.png,-64.09419713983156,-15.0
roadDrive2_frame02229.png,-64.48521442798736,-16.5
roadDrive2_frame02230.png,-64.86315409332144,-16.5
roadDrive2_frame02231.png,-65.10820568550191,-15.0
roadDrive2_frame02232.png,-65.19856827214487,-16.5
roadDrive2_frame02233.png,-65.43002432484094,-13.5
roadDrive2_frame02234.png,-65.67143226256786,-13.5
roadDrive2_frame02235.png,-65.81256512207715,-13.5
roadDrive2_frame02236.png,-65.92943657834711,-13.5
roadDrive2_frame02237.png,-66.06748361339014,-12.0
roadDrive2_frame02238.png,-66.64132353327042,-10.5
roadDrive2_frame02239.png,-67.07589340192213,-10.5
roadDrive2_frame02240.png,-67.08547509910815,-9.0
roadDrive2_frame02241.png,-67.25299713677688,-9.0
roadDrive2_frame02242.png,-67.40842150965825,-9.0
roadDrive2_frame02243.png,-67.62892056317993,-9.0
roadDrive2_frame02244.png,-67.76916722353424,-9.0
roadDrive2_frame02245.png,-67.9101456843632,-9.0
roadDrive2_frame02246.png,-68.04481311521103,-9.0
roadDrive2_frame02247.png,-68.34264815890653,-9.0
roadDrive2_frame02248.png,-67.87154661318766,-9.0
roadDrive2_frame02249.png,-66.99741637712766,-9.0
roadDrive2_frame02250.png,-67.34685762877274,-9.0
roadDrive2_frame02251.png,-67.63827512941144,-9.0
roadDrive2_frame02252.png,-67.80345213442558,-9.0
roadDrive2_frame02253.png,-67.92070373097316,-7.5
roadDrive2_frame02254.png,-68.21440010043149,-9.0
roadDrive2_frame02255.png,-69.12635213488913,-7.5
roadDrive2_frame02256.png,-69.46841796694864,-9.0
roadDrive2_frame02257.png,-69.65500574148052,-9.0
roadDrive2_frame02258.png,-69.86361271253682,-7.5
roadDrive2_frame02259.png,-70.16420821735899,-7.5
roadDrive2_frame02260.png,-70.48829773445294,-9.0
roadDrive2_frame02261.png,-70.7525162121125,-9.0
roadDrive2_frame02262.png,-70.29465909228804,-9.0
roadDrive2_frame02263.png,-70.52383771572846,-9.0
roadDrive2_frame02264.png,-70.82700678790518,-7.5
roadDrive2_frame02265.png,-71.2168256626986,-9.0
roadDrive2_frame02266.png,-71.4690819588892,-9.0
roadDrive2_frame02267.png,-71.74723509068549,-9.0
roadDrive2_frame02268.png,-71.92481072281991,-9.0
roadDrive2_frame02269.png,-72.16978743493787,-9.0
roadDrive2_frame02270.png,-72.52570479387283,-9.0
roadDrive2_frame02271.png,-72.68556047623996,-10.5
roadDrive2_frame02272.png,-72.86309207344715,-9.0
roadDrive2_frame02273.png,-71.75562722849243,-10.5
roadDrive2_frame02274.png,-70.84515639516776,-10.5
roadDrive2_frame02275.png,-71.26182446813876,-10.5
roadDrive2_frame02276.png,-71.12066375891976,-10.5
roadDrive2_frame02277.png,-70.72609361774512,-9.0
roadDrive2_frame02278.png,-69.27619878679282,-10.5
roadDrive2_frame02279.png,-68.04140541009676,-10.5
roadDrive2_frame02280.png,-67.69083237349452,-10.5
roadDrive2_frame02281.png,-68.07841896409721,-10.5
roadDrive2_frame02282.png,-68.26638586226458,-10.5
roadDrive2_frame02283.png,-68.47683923934105,-10.5
roadDrive2_frame02284.png,-68.7433736570479,-9.0
roadDrive2_frame02285.png,-68.94555300850703,-9.0
roadDrive2_frame02286.png,-69.14852806300364,-9.0
roadDrive2_frame02287.png,-69.42460876095727,-10.5
roadDrive2_frame02288.png,-69.77107537503181,-9.0
roadDrive2_frame02289.png,-69.90568940487941,-7.5
roadDrive2_frame02290.png,-70.09134515088289,-7.5
roadDrive2_frame02291.png,-70.28151778690894,-7.5
roadDrive2_frame02292.png,-70.52341648201778,-7.5
roadDrive2_frame02293.png,-70.80645695533423,-7.5
roadDrive2_frame02294.png,-70.96436470704268,-7.5
roadDrive2_frame02295.png,-71.11683401268402,-7.5
roadDrive2_frame02296.png,-71.39264746913764,-7.5
roadDrive2_frame02297.png,-71.67360343172372,-7.5
roadDrive2_frame02298.png,-71.31717295169622,-7.5
roadDrive2_frame02299.png,-70.74166760330867,-7.5
roadDrive2_frame02300.png,-70.72096715035502,-9.0
roadDrive2_frame02301.png,-71.1113006820228,-7.5
roadDrive2_frame02302.png,-71.34654133606011,-9.0
roadDrive2_frame02303.png,-71.52542621883237,-7.5
roadDrive2_frame02304.png,-71.69498570669128,-7.5
roadDrive2_frame02305.png,-72.01757804812145,-9.0
roadDrive2_frame02306.png,-72.28029301483201,-9.0
roadDrive2_frame02307.png,-72.42314147153489,-9.0
roadDrive2_frame02308.png,-72.70529161057641,-9.0
roadDrive2_frame02309.png,-73.03215515653635,-9.0
roadDrive2_frame02310.png,-73.27693348794335,-9.0
roadDrive2_frame02311.png,-73.53068890094123,-9.0
roadDrive2_frame02312.png,-73.83357224272324,-9.0
roadDrive2_frame02313.png,-74.21394536888238,-9.0
roadDrive2_frame02314.png,-74.45584585736941,-10.5
roadDrive2_frame02315.png,-74.70847731868616,-10.5
roadDrive2_frame02316.png,-75.01032026008173,-9.0
roadDrive2_frame02317.png,-74.52574812236277,-10.5
roadDrive2_frame02318.png,-73.57268412500596,-10.5
roadDrive2_frame02319.png,-73.33365490877246,-10.5
roadDrive2_frame02320.png,-73.68793537575361,-10.5
roadDrive2_frame02321.png,-73.97266279994099,-12.0
roadDrive2_frame02322.png,-74.16317839736574,-10.5
roadDrive2_frame02323.png,-74.3067998686788,-10.5
roadDrive2_frame02324.png,-74.54895045792018,-10.5
roadDrive2_frame02325.png,-74.78951212997137,-10.5
roadDrive2_frame02326.png,-75.09010258307127,-10.5
roadDrive2_frame02327.png,-75.37522768139974,-12.0
roadDrive2_frame02328.png,-75.6117276715043,-9.0
roadDrive2_frame02329.png,-75.86405756966192,-10.5
roadDrive2_frame02330.png,-76.1779188691966,-10.5
roadDrive2_frame02331.png,-76.41941547014275,-9.0
roadDrive2_frame02332.png,-76.74028856038782,-10.5
roadDrive2_frame02333.png,-77.01604456462267,-10.5
roadDrive2_frame02334.png,-77.3457019435789,-10.5
roadDrive2_frame02335.png,-77.53200040940068,-10.5
roadDrive2_frame02336.png,-77.76849690925667,-9.0
roadDrive2_frame02337.png,-77.97024549989551,-10.5
roadDrive2_frame02338.png,-78.30305703977402,-10.5
roadDrive2_frame02339.png,-78.54874032705679,-10.5
roadDrive2_frame02340.png,-78.74918811851515,-10.5
roadDrive2_frame02341.png,-78.86087895394816,-12.0
roadDrive2_frame02342.png,-79.14797016679621,-12.0
roadDrive2_frame02343.png,-79.38216161597344,-12.0
roadDrive2_frame02344.png,-79.54682833912324,-12.0
roadDrive2_frame02345.png,-79.58213599473561,-12.0
roadDrive2_frame02346.png,-78.09914123717985,-12.0
roadDrive2_frame02347.png,-76.79929774777544,-12.0
roadDrive2_frame02348.png,-76.01348167119463,-12.0
roadDrive2_frame02349.png,-76.49725327952987,-12.0
roadDrive2_frame02350.png,-76.13943279897909,-13.5
roadDrive2_frame02351.png,-74.6023369652303,-13.5
roadDrive2_frame02352.png,-72.94569973915877,-13.5
roadDrive2_frame02353.png,-72.38331997597959,-13.5
roadDrive2_frame02354.png,-73.07992279311338,-13.5
roadDrive2_frame02355.png,-73.32202452214337,-15.0
roadDrive2_frame02356.png,-73.46595740740005,-13.5
roadDrive2_frame02357.png,-73.40004648385236,-13.5
roadDrive2_frame02358.png,-72.75553077604275,-13.5
roadDrive2_frame02359.png,-73.13472292358875,-13.5
roadDrive2_frame02360.png,-73.34625418152292,-13.5
roadDrive2_frame02361.png,-73.4061392810583,-12.0
roadDrive2_frame02362.png,-73.6694685990587,-12.0
roadDrive2_frame02363.png,-73.09049811373566,-10.5
roadDrive2_frame02364.png,-73.3812894387372,-12.0
roadDrive2_frame02365.png,-73.74154022930928,-12.0
roadDrive2_frame02366.png,-73.90031009864062,-13.5
roadDrive2_frame02367.png,-74.2044258525188,-13.5
roadDrive2_frame02368.png,-74.3605098732251,-13.5
roadDrive2_frame02369.png,-74.56881191372084,-15.0
roadDrive2_frame02370.png,-74.86860327963491,-15.0
roadDrive2_frame02371.png,-75.08292411709533,-15.0
roadDrive2_frame02372.png,-75.0704249797006,-18.0
roadDrive2_frame02373.png,-73.82064848619562,-15.0
roadDrive2_frame02374.png,-73.34479644726021,-15.0
roadDrive2_frame02375.png,-73.8117578362303,-16.5
roadDrive2_frame02376.png,-74.14105896036212,-16.5
roadDrive2_frame02377.png,-74.32312796390067,-18.0
roadDrive2_frame02378.png,-74.60320816240589,-21.0
roadDrive2_frame02379.png,-74.8226075827018,-21.0
roadDrive2_frame02380.png,-75.07122427033504,-21.0
roadDrive2_frame02381.png,-75.16179369106717,-21.0
roadDrive2_frame02382.png,-75.35305564987152,-22.5
roadDrive2_frame02383.png,-75.45076275728898,-22.5
roadDrive2_frame02384.png,-75.43985626739867,-22.5
roadDrive2_frame02385.png,-75.4418520686627,-21.0
roadDrive2_frame02386.png,-75.42119046878925,-21.0
roadDrive2_frame02387.png,-75.4290572407671,-15.0
roadDrive2_frame02388.png,-75.42386435561741,-13.5
roadDrive2_frame02389.png,-75.42426961089535,-13.5
roadDrive2_frame02390.png,-75.42530949939058,-13.5
roadDrive2_frame02391.png,-75.42697580854446,-21.0
roadDrive2_frame02392.png,-75.47179725125574,-15.0
roadDrive2_frame02393.png,-75.67937861943341,-21.0
roadDrive2_frame02394.png,-75.88831386240079,-13.5
roadDrive2_frame02395.png,-76.16092326022387,-13.5
roadDrive2_frame02396.png,-76.37822203234549,-13.5
roadDrive2_frame02397.png,-76.802951333993,-13.5
roadDrive2_frame02398.png,-77.03787258695786,-13.5
roadDrive2_frame02399.png,-77.34279514388872,-13.5
roadDrive2_frame02400.png,-77.67432139314103,-13.5
roadDrive2_frame02401.png,-78.02554301945096,-13.5
roadDrive2_frame02402.png,-78.3938690205917,-13.5
roadDrive2_frame02403.png,-78.86924023140783,-13.5
roadDrive2_frame02404.png,-79.17662047231454,-12.0
roadDrive2_frame02405.png,-78.84404179215565,-13.5
roadDrive2_frame02406.png,-78.9800496224762,-16.5
roadDrive2_frame02407.png,-79.22541695545509,-13.5
roadDrive2_frame02408.png,-79.29368055160074,-13.5
roadDrive2_frame02409.png,-79.34277901491787,-15.0
roadDrive2_frame02410.png,-79.14048588469093,-15.0
roadDrive2_frame02411.png,-78.51153738296726,-16.5
roadDrive2_frame02412.png,-77.36598876993048,-18.0
roadDrive2_frame02413.png,-76.00249701034869,-19.5
roadDrive2_frame02414.png,-76.25922587222404,-19.5
roadDrive2_frame02415.png,-76.72372381610857,-21.0
roadDrive2_frame02416.png,-76.86589776204278,-22.5
roadDrive2_frame02417.png,-77.09047411854837,-22.5
roadDrive2_frame02418.png,-77.5213344893558,-22.5
roadDrive2_frame02419.png,-77.76048878698612,-22.5
roadDrive2_frame02420.png,-78.10892882006652,-22.5
roadDrive2_frame02421.png,-78.36759479311753,-22.5
roadDrive2_frame02422.png,-78.58863805119437,-22.5
roadDrive2_frame02423.png,-78.78250640707287,-22.5
roadDrive2_frame02424.png,-79.04369054310688,-22.5
roadDrive2_frame02425.png,-79.31006760963804,-22.5
roadDrive2_frame02426.png,-79.55217388762728,-22.5
roadDrive2_frame02427.png,-79.63128791070264,-22.5
roadDrive2_frame02428.png,-79.9128482006331,-22.5
roadDrive2_frame02429.png,-80.28433452047814,-22.5
roadDrive2_frame02430.png,-80.5151321023404,-22.5
roadDrive2_frame02431.png,-80.69163921775187,-22.5
roadDrive2_frame02432.png,-80.58732300520714,-22.5
roadDrive2_frame02433.png,-79.9211709657914,-22.5
roadDrive2_frame02434.png,-80.26746581412056,-22.5
roadDrive2_frame02435.png,-80.53513514585927,-22.5
roadDrive2_frame02436.png,-80.8340315516259,-22.5
roadDrive2_frame02437.png,-81.03460768085128,-22.5
roadDrive2_frame02438.png,-81.2703062944172,-22.5
roadDrive2_frame02439.png,-81.68629492895036,-22.5
roadDrive2_frame02440.png,-81.89749354085323,-22.5
roadDrive2_frame02441.png,-81.86879313969258,-12.0
roadDrive2_frame02442.png,-82.1430986582761,-13.5
roadDrive2_frame02443.png,-81.43799622875068,-13.5
roadDrive2_frame02444.png,-81.6007666022119,-10.5
roadDrive2_frame02445.png,-81.83505295727787,-12.0
roadDrive2_frame02446.png,-82.06179929279702,-10.5
roadDrive2_frame02447.png,-82.27043048858461,-12.0
roadDrive2_frame02448.png,-82.59548560755742,-15.0
roadDrive2_frame02449.png,-82.75855973489361,-13.5
roadDrive2_frame02450.png,-82.95871839027704,-15.0
roadDrive2_frame02451.png,-83.38983061159307,-15.0
roadDrive2_frame02452.png,-83.54389302157959,-16.5
roadDrive2_frame02453.png,-83.76037007219247,-18.0
roadDrive2_frame02454.png,-84.01859200947528,-18.0
roadDrive2_frame02455.png,-83.9549017484179,-18.0
roadDrive2_frame02456.png,-82.93206609740716,-22.5
roadDrive2_frame02457.png,-82.76822117546203,-21.0
roadDrive2_frame02458.png,-82.90109637055932,-21.0
roadDrive2_frame02459.png,-83.00376406232931,-21.0
roadDrive2_frame02460.png,-82.98361692272775,-22.5
roadDrive2_frame02461.png,-83.0392838230391,-22.5
roadDrive2_frame02462.png,-83.00456279490112,-22.5
roadDrive2_frame02463.png,-82.99363457932878,-22.5
roadDrive2_frame02464.png,-82.99785600162015,-22.5
roadDrive2_frame02465.png,-82.9965513830665,-22.5
roadDrive2_frame02466.png,-82.99678054530237,-21.0
roadDrive2_frame02467.png,-82.99853330593608,-22.5
roadDrive2_frame02468.png,-83.00743727393316,-22.5
roadDrive2_frame02469.png,-83.10444911942888,-22.5
roadDrive2_frame02470.png,-83.2253987580066,-22.5
roadDrive2_frame02471.png,-83.591742201849,-22.5
roadDrive2_frame02472.png,-83.82351576947086,-21.0
roadDrive2_frame02473.png,-84.03463990314019,-21.0
roadDrive2_frame02474.png,-84.55516973628399,-21.0
roadDrive2_frame02475.png,-84.984087681746,-21.0
roadDrive2_frame02476.png,-85.47582910322171,-21.0
roadDrive2_frame02477.png,-86.29908495693137,-21.0
roadDrive2_frame02478.png,-85.95266338530786,-21.0
roadDrive2_frame02479.png,-84.21111460649661,-21.0
roadDrive2_frame02480.png,-82.38651710759413,-21.0
roadDrive2_frame02481.png,-80.31561073261963,-19.5
roadDrive2_frame02482.png,-78.71563012811683,-19.5
roadDrive2_frame02483.png,-76.16965368867811,-21.0
roadDrive2_frame02484.png,-75.47496455178519,-22.5
roadDrive2_frame02485.png,-75.91377620942846,-19.5
roadDrive2_frame02486.png,-76.3216645030036,-21.0
roadDrive2_frame02487.png,-76.97691501104087,-21.0
roadDrive2_frame02488.png,-77.98044393618258,-22.5
roadDrive2_frame02489.png,-78.48055457211595,-22.5
roadDrive2_frame02490.png,-78.96219982114657,-22.5
roadDrive2_frame02491.png,-79.97199391465607,-22.5
roadDrive2_frame02492.png,-82.00704655709924,-22.5
roadDrive2_frame02493.png,-82.57741588890408,-21.0
roadDrive2_frame02494.png,-83.02115368036972,-18.0
roadDrive2_frame02495.png,-83.38361931555654,-15.0
roadDrive2_frame02496.png,-83.7388710953596,-13.5
roadDrive2_frame02497.png,-84.0768792130619,-18.0
roadDrive2_frame02498.png,-84.72965576160345,-15.0
roadDrive2_frame02499.png,-84.8896386570873,-18.0
roadDrive2_frame02500.png,-84.52201464068717,-15.0
roadDrive2_frame02501.png,-84.72749412997234,-16.5
roadDrive2_frame02502.png,-85.07598428452866,-21.0
roadDrive2_frame02503.png,-85.4233587026414,-22.5
roadDrive2_frame02504.png,-85.69749141934818,-18.0
roadDrive2_frame02505.png,-85.32381306517333,-15.0
roadDrive2_frame02506.png,-85.48377364736795,-15.0
roadDrive2_frame02507.png,-85.87407351199025,-18.0
roadDrive2_frame02508.png,-86.2070795535362,-21.0
roadDrive2_frame02509.png,-84.80141271682359,-22.5
roadDrive2_frame02510.png,-82.83283579943206,-22.5
roadDrive2_frame02511.png,-81.86887052220034,-22.5
roadDrive2_frame02512.png,-82.0659954140994,-22.5
roadDrive2_frame02513.png,-82.45179650715866,-22.5
roadDrive2_frame02514.png,-82.69796579651943,-22.5
roadDrive2_frame02515.png,-82.92058443405855,-22.5
roadDrive2_frame02516.png,-83.2627518763585,-22.5
roadDrive2_frame02517.png,-83.4483528609632,-22.5
roadDrive2_frame02518.png,-83.63082682774571,-22.5
roadDrive2_frame02519.png,-83.90478423901303,-22.5
roadDrive2_frame02520.png,-84.09570962607718,-22.5
roadDrive2_frame02521.png,-84.42116520381398,-22.5
roadDrive2_frame02522.png,-84.72934491131635,-22.5
roadDrive2_frame02523.png,-85.12371162153683,-22.5
roadDrive2_frame02524.png,-85.41439309420021,-22.5
roadDrive2_frame02525.png,-85.66313284827882,-22.5
roadDrive2_frame02526.png,-85.69923847326918,-22.5
roadDrive2_frame02527.png,-84.41159306431076,-22.5
roadDrive2_frame02528.png,-84.59679991484003,-22.5
roadDrive2_frame02529.png,-84.8991282761367,-22.5
roadDrive2_frame02530.png,-85.03492599774077,-22.5
roadDrive2_frame02531.png,-85.1304809330452,-22.5
roadDrive2_frame02532.png,-85.47827083024212,-22.5
roadDrive2_frame02533.png,-85.75199882014385,-22.5
roadDrive2_frame02534.png,-85.91177452569644,-22.5
roadDrive2_frame02535.png,-85.64847119128008,-22.5
roadDrive2_frame02536.png,-85.99622438686093,-22.5
roadDrive2_frame02537.png,-86.22054488121815,-22.5
roadDrive2_frame02538.png,-85.59515043032306,-22.5
roadDrive2_frame02539.png,-84.86754643937518,-22.5
roadDrive2_frame02540.png,-85.24425888735651,-22.5
roadDrive2_frame02541.png,-85.56441702041799,-22.5
roadDrive2_frame02542.png,-85.73204602508609,-22.5
roadDrive2_frame02543.png,-84.66912073635254,-22.5
roadDrive2_frame02544.png,-84.19888131074265,-22.5
roadDrive2_frame02545.png,-84.41856625023868,-22.5
roadDrive2_frame02546.png,-84.74663731933099,-22.5
roadDrive2_frame02547.png,-84.84656791184868,-22.5
roadDrive2_frame02548.png,-84.46947446441202,-22.5
roadDrive2_frame02549.png,-84.21913506240925,-22.5
roadDrive2_frame02550.png,-84.41784424975613,-22.5
roadDrive2_frame02551.png,-84.65440710277312,-19.5
roadDrive2_frame02552.png,-84.78157140942884,-22.5
roadDrive2_frame02553.png,-84.89962125660139,-22.5
roadDrive2_frame02554.png,-84.92064194030964,-22.5
roadDrive2_frame02555.png,-85.11326904545379,-22.5
roadDrive2_frame02556.png,-85.3118404968514,-22.5
roadDrive2_frame02557.png,-85.4969419506593,-22.5
roadDrive2_frame02558.png,-85.56224231565186,-22.5
roadDrive2_frame02559.png,-85.83395857182273,-22.5
roadDrive2_frame02560.png,-85.91906787856499,-22.5
roadDrive2_frame02561.png,-86.03464523305712,-22.5
roadDrive2_frame02562.png,-86.21090628546067,-22.5
roadDrive2_frame02563.png,-86.36851537579888,-22.5
roadDrive2_frame02564.png,-86.56813057414995,-22.5
roadDrive2_frame02565.png,-86.76400528327433,-22.5
roadDrive2_frame02566.png,-86.93663296043367,-22.5
roadDrive2_frame02567.png,-86.75854038435153,-22.5
roadDrive2_frame02568.png,-85.2758304409644,-22.5
roadDrive2_frame02569.png,-84.93405743860593,-22.5
roadDrive2_frame02570.png,-84.29175453195381,-22.5
roadDrive2_frame02571.png,-83.85603566325828,-22.5
roadDrive2_frame02572.png,-83.78747901646192,-22.5
roadDrive2_frame02573.png,-84.09299679053936,-22.5
roadDrive2_frame02574.png,-84.19608682882645,-22.5
roadDrive2_frame02575.png,-84.38167987846506,-22.5
roadDrive2_frame02576.png,-84.6875404395697,-22.5
roadDrive2_frame02577.png,-84.88227658909267,-22.5
roadDrive2_frame02578.png,-85.05068144838361,-22.5
roadDrive2_frame02579.png,-85.25834767447638,-22.5
roadDrive2_frame02580.png,-85.53895114038275,-22.5
roadDrive2_frame02581.png,-85.77955625095618,-16.5
roadDrive2_frame02582.png,-86.0330082722342,-18.0
roadDrive2_frame02583.png,-86.29706422152016,-19.5
roadDrive2_frame02584.png,-86.43829168726967,-22.5
roadDrive2_frame02585.png,-85.66952188042592,-22.5
roadDrive2_frame02586.png,-84.40901300175997,-22.5
roadDrive2_frame02587.png,-83.10379352580672,-22.5
roadDrive2_frame02588.png,-82.97296281885464,-22.5
roadDrive2_frame02589.png,-83.23802881874607,-22.5
roadDrive2_frame02590.png,-83.37457886901174,-22.5
roadDrive2_frame02591.png,-83.39038786740137,-22.5
roadDrive2_frame02592.png,-83.67552917470763,-22.5
roadDrive2_frame02593.png,-83.7071999270525,-22.5
roadDrive2_frame02594.png,-83.80747008969698,-22.5
roadDrive2_frame02595.png,-84.03300725112558,-22.5
roadDrive2_frame02596.png,-84.10046300403678,-22.5
roadDrive2_frame02597.png,-84.22207932293078,-22.5
roadDrive2_frame02598.png,-84.30477956472694,-22.5
roadDrive2_frame02599.png,-84.43848562197257,-22.5
roadDrive2_frame02600.png,-84.65334449665754,-22.5
roadDrive2_frame02601.png,-84.7233705385615,-22.5
roadDrive2_frame02602.png,-84.81241442668785,-22.5
roadDrive2_frame02603.png,-85.0160754890253,-22.5
roadDrive2_frame02604.png,-85.14673674022504,-22.5
roadDrive2_frame02605.png,-85.1359654540642,-22.5
roadDrive2_frame02606.png,-85.25492567785541,-22.5
roadDrive2_frame02607.png,-85.33456282747994,-22.5
roadDrive2_frame02608.png,-85.53071232419245,-22.5
roadDrive2_frame02609.png,-85.54139816848956,-22.5
roadDrive2_frame02610.png,-85.68741285174283,-22.5
roadDrive2_frame02611.png,-85.86192807630826,-22.5
roadDrive2_frame02612.png,-85.97275224726413,-22.5
roadDrive2_frame02613.png,-86.05276815631305,-22.5
roadDrive2_frame02614.png,-86.24999493750569,-22.5
roadDrive2_frame02615.png,-86.40868734295933,-22.5
roadDrive2_frame02616.png,-86.46434284874746,-22.5
roadDrive2_frame02617.png,-86.52064816244396,-22.5
roadDrive2_frame02618.png,-86.66043385712815,-22.5
roadDrive2_frame02619.png,-86.79885429783234,-22.5
roadDrive2_frame02620.png,-86.90612172209896,-22.5
roadDrive2_frame02621.png,-86.98066295718064,-22.5
roadDrive2_frame02622.png,-87.15184852766029,-22.5
roadDrive2_frame02623.png,-87.21435638752835,-22.5
roadDrive2_frame02624.png,-87.41256235306733,-22.5
roadDrive2_frame02625.png,-86.75750245054806,-22.5
roadDrive2_frame02626.png,-86.39805363635939,-22.5
roadDrive2_frame02627.png,-86.5353154312791,-22.5
roadDrive2_frame02628.png,-86.72431516974841,-22.5
roadDrive2_frame02629.png,-86.86993828883526,-22.5
roadDrive2_frame02630.png,-85.98340370520496,-22.5
roadDrive2_frame02631.png,-85.7438678157195,-22.5
roadDrive2_frame02632.png,-85.9355525958917,-22.5
roadDrive2_frame02633.png,-86.07867497103832,-22.5
roadDrive2_frame02634.png,-86.10696316663022,-22.5
roadDrive2_frame02635.png,-86.16970627953802,-22.5
roadDrive2_frame02636.png,-86.25608896050728,-22.5
roadDrive2_frame02637.png,-86.48722718760519,-22.5
roadDrive2_frame02638.png,-86.45078186008574,-22.5
roadDrive2_frame02639.png,-86.26127256763051,-22.5
roadDrive2_frame02640.png,-86.48443158634954,-22.5
roadDrive2_frame02641.png,-86.71387363814976,-22.5
roadDrive2_frame02642.png,-86.81857028457095,-22.5
roadDrive2_frame02643.png,-86.88034840141708,-22.5
roadDrive2_frame02644.png,-87.02009618480376,-22.5
roadDrive2_frame02645.png,-87.11698482853215,-22.5
roadDrive2_frame02646.png,-87.19863551396874,-22.5
roadDrive2_frame02647.png,-87.36893516584745,-22.5
roadDrive2_frame02648.png,-87.18780601896637,-22.5
roadDrive2_frame02649.png,-86.78234487780414,-22.5
roadDrive2_frame02650.png,-86.28279234209913,-22.5
roadDrive2_frame02651.png,-85.49823329803488,-22.5
roadDrive2_frame02652.png,-84.75535196783986,-22.5
roadDrive2_frame02653.png,-84.8501890656499,-22.5
roadDrive2_frame02654.png,-85.17310902373524,-22.5
roadDrive2_frame02655.png,-85.08421464317767,-22.5
roadDrive2_frame02656.png,-84.15329086994008,-22.5
roadDrive2_frame02657.png,-83.13041840654701,-22.5
roadDrive2_frame02658.png,-82.88956622639917,-22.5
roadDrive2_frame02659.png,-83.41065715126722,-22.5
roadDrive2_frame02660.png,-83.77550869241888,-22.5
roadDrive2_frame02661.png,-83.92568101779773,-22.5
roadDrive2_frame02662.png,-83.9941296643943,-22.5
roadDrive2_frame02663.png,-84.15796313136741,-22.5
roadDrive2_frame02664.png,-84.35720902621101,-22.5
roadDrive2_frame02665.png,-84.55436491321605,-22.5
roadDrive2_frame02666.png,-84.6575070819813,-22.5
roadDrive2_frame02667.png,-84.6894438788264,-22.5
roadDrive2_frame02668.png,-84.73810351803812,-22.5
roadDrive2_frame02669.png,-84.83244614167937,-22.5
roadDrive2_frame02670.png,-85.0927130665555,-22.5
roadDrive2_frame02671.png,-85.38597016253361,-22.5
roadDrive2_frame02672.png,-85.47205198865626,-22.5
roadDrive2_frame02673.png,-85.7611469654658,-22.5
roadDrive2_frame02674.png,-85.67978667507192,-22.5
roadDrive2_frame02675.png,-85.96475054074209,-22.5
roadDrive2_frame02676.png,-85.9333513184703,-22.5
roadDrive2_frame02677.png,-86.14888028445309,-22.5
roadDrive2_frame02678.png,-86.22441572597943,-22.5
roadDrive2_frame02679.png,-86.42362534280454,-22.5
roadDrive2_frame02680.png,-86.47630956430027,-22.5
roadDrive2_frame02681.png,-86.52442443908005,-22.5
roadDrive2_frame02682.png,-86.61170465253868,-22.5
roadDrive2_frame02683.png,-86.69450930242635,-22.5
roadDrive2_frame02684.png,-86.84577205405424,-22.5
roadDrive2_frame02685.png,-87.01733134223944,-22.5
roadDrive2_frame02686.png,-87.1117277995471,-22.5
roadDrive2_frame02687.png,-87.57461053538044,-22.5
roadDrive2_frame02688.png,-87.68195511763213,-22.5
roadDrive2_frame02689.png,-87.78283006458781,-22.5
roadDrive2_frame02690.png,-87.93533064218047,-22.5
roadDrive2_frame02691.png,-88.05636508934383,-22.5
roadDrive2_frame02692.png,-88.08837591743617,-22.5
roadDrive2_frame02693.png,-87.71470036399423,-22.5
roadDrive2_frame02694.png,-88.04781045273616,-22.5
roadDrive2_frame02695.png,-88.22575047721102,-22.5
roadDrive2_frame02696.png,-88.38009064099944,-22.5
roadDrive2_frame02697.png,-88.42806386181866,-22.5
roadDrive2_frame02698.png,-88.31610763896455,-22.5
roadDrive2_frame02699.png,-88.57041990673204,-22.5
roadDrive2_frame02700.png,-88.27009992348933,-22.5
roadDrive2_frame02701.png,-87.81058452444124,-22.5
roadDrive2_frame02702.png,-87.6105767960421,-22.5
roadDrive2_frame02703.png,-87.56573432060318,-22.5
roadDrive2_frame02704.png,-87.77187932744465,-22.5
roadDrive2_frame02705.png,-87.31710136614896,-22.5
roadDrive2_frame02706.png,-87.07716167061514,-22.5
roadDrive2_frame02707.png,-86.54785244680669,-22.5
roadDrive2_frame02708.png,-86.2320570978681,-22.5
roadDrive2_frame02709.png,-86.31011428414308,-22.5
roadDrive2_frame02710.png,-86.40444220337096,-22.5
roadDrive2_frame02711.png,-86.23526589913156,-22.5
roadDrive2_frame02712.png,-85.29819671026937,-22.5
roadDrive2_frame02713.png,-83.96590208302304,-22.5
roadDrive2_frame02714.png,-83.00237962002763,-22.5
roadDrive2_frame02715.png,-83.51720351530666,-22.5
roadDrive2_frame02716.png,-83.77236749113746,-22.5
roadDrive2_frame02717.png,-83.82916541570465,-22.5
roadDrive2_frame02718.png,-82.98324833388159,-22.5
roadDrive2_frame02719.png,-81.71006745618007,-22.5
roadDrive2_frame02720.png,-82.08211150617763,-22.5
roadDrive2_frame02721.png,-82.43941517537097,-22.5
roadDrive2_frame02722.png,-82.64483875160288,-22.5
roadDrive2_frame02723.png,-82.824622211967,-22.5
roadDrive2_frame02724.png,-82.94244641254693,-22.5
roadDrive2_frame02725.png,-83.06872152715339,-22.5
roadDrive2_frame02726.png,-83.2896254624907,-22.5
roadDrive2_frame02727.png,-83.56000231228302,-22.5
roadDrive2_frame02728.png,-84.07971326085024,-22.5
roadDrive2_frame02729.png,-84.52142715999123,-22.5
roadDrive2_frame02730.png,-85.04980300962096,-22.5
roadDrive2_frame02731.png,-85.38417180824422,-22.5
roadDrive2_frame02732.png,-85.45871866464276,-22.5
roadDrive2_frame02733.png,-85.54832685654961,-22.5
roadDrive2_frame02734.png,-85.67083097943397,-22.5
roadDrive2_frame02735.png,-85.83126807221403,-22.5
roadDrive2_frame02736.png,-85.9399671572202,-22.5
roadDrive2_frame02737.png,-86.04112855689318,-22.5
roadDrive2_frame02738.png,-86.30982867175814,-22.5
roadDrive2_frame02739.png,-86.51852146869106,-22.5
roadDrive2_frame02740.png,-86.64731138993044,-22.5
roadDrive2_frame02741.png,-86.91755112562319,-22.5
roadDrive2_frame02742.png,-87.1132910728923,-22.5
roadDrive2_frame02743.png,-87.40506525863805,-22.5
roadDrive2_frame02744.png,-87.56223091491022,-22.5
roadDrive2_frame02745.png,-87.73191590795776,-22.5
roadDrive2_frame02746.png,-87.9925414990533,-22.5
roadDrive2_frame02747.png,-88.21044213415873,-22.5
roadDrive2_frame02748.png,-88.26305903402135,-22.5
roadDrive2_frame02749.png,-88.38702341044555,-22.5
roadDrive2_frame02750.png,-88.63974862036392,-22.5
roadDrive2_frame02751.png,-88.75051427665294,-22.5
roadDrive2_frame02752.png,-88.83482711825455,-21.0
roadDrive2_frame02753.png,-89.12518923216292,-22.5
roadDrive2_frame02754.png,-89.40358201132783,-15.0
roadDrive2_frame02755.png,-89.41173507899634,-22.5
roadDrive2_frame02756.png,-89.44683047359493,-22.5
roadDrive2_frame02757.png,-89.6223601165406,-22.5
roadDrive2_frame02758.png,-89.66146666812313,-22.5
roadDrive2_frame02759.png,-89.72450609846103,-16.5
roadDrive2_frame02760.png,-89.69590991689093,-16.5
roadDrive2_frame02761.png,-89.82979154092719,-18.0
roadDrive2_frame02762.png,-89.16157126645524,-22.5
roadDrive2_frame02763.png,-89.27869030419517,-16.5
roadDrive2_frame02764.png,-89.49704431765396,-18.0
roadDrive2_frame02765.png,-89.63200806077366,-22.5
roadDrive2_frame02766.png,-89.57433376800971,-19.5
roadDrive2_frame02767.png,-89.79232929305384,-16.5
roadDrive2_frame02768.png,-89.72573677306775,-18.0
roadDrive2_frame02769.png,-89.72737089345888,-18.0
roadDrive2_frame02770.png,-89.87393994711888,-19.5
roadDrive2_frame02771.png,-89.96956499880326,-22.5
roadDrive2_frame02772.png,-90.12977419456357,-22.5
roadDrive2_frame02773.png,-90.2573145274729,-22.5
roadDrive2_frame02774.png,-90.47633289917442,-22.5
roadDrive2_frame02775.png,-90.634729459648,-22.5
roadDrive2_frame02776.png,-90.28266037255962,-22.5
roadDrive2_frame02777.png,-89.3923550137284,-22.5
roadDrive2_frame02778.png,-87.84042770242797,-22.5
roadDrive2_frame02779.png,-87.40075473022333,-22.5
roadDrive2_frame02780.png,-87.68830223531562,-22.5
roadDrive2_frame02781.png,-87.90423331346878,-22.5
roadDrive2_frame02782.png,-88.00921062887629,-22.5
roadDrive2_frame02783.png,-88.00963939735833,-22.5
roadDrive2_frame02784.png,-88.18005283106544,-22.5
roadDrive2_frame02785.png,-88.42581965097254,-22.5
roadDrive2_frame02786.png,-88.66101704332735,-22.5
roadDrive2_frame02787.png,-89.02604087041466,-22.5
roadDrive2_frame02788.png,-89.23898344891819,-22.5
roadDrive2_frame02789.png,-89.4421803607041,-22.5
roadDrive2_frame02790.png,-89.41151712322176,-22.5
roadDrive2_frame02791.png,-89.63431884217181,-18.0
roadDrive2_frame02792.png,-89.81432267964554,-18.0
roadDrive2_frame02793.png,-90.07475303529029,-22.5
roadDrive2_frame02794.png,-90.20880727954848,-22.5
roadDrive2_frame02795.png,-90.51010838241676,-22.5
roadDrive2_frame02796.png,-90.7548250133512,-22.5
roadDrive2_frame02797.png,-91.044261907539,-22.5
roadDrive2_frame02798.png,-91.37448602414206,-22.5
roadDrive2_frame02799.png,-91.5748348856109,-22.5
roadDrive2_frame02800.png,-92.19101232387517,-22.5
roadDrive2_frame02801.png,-93.34484634008105,-22.5
roadDrive2_frame02802.png,-94.25375277045585,-22.5
roadDrive2_frame02803.png,-94.66568026681526,-22.5
roadDrive2_frame02804.png,-94.69864089891517,-22.5
roadDrive2_frame02805.png,-94.88950459843959,-22.5
roadDrive2_frame02806.png,-95.44550589587057,-22.5
roadDrive2_frame02807.png,-96.49331011662605,-22.5
roadDrive2_frame02808.png,-96.83829940367552,-22.5
roadDrive2_frame02809.png,-97.62869771057557,-22.5
roadDrive2_frame02810.png,-98.75181339992108,-22.5
roadDrive2_frame02811.png,-100.12253385522307,-22.5
roadDrive2_frame02812.png,-100.8389048686553,-22.5
roadDrive2_frame02813.png,-101.93746209842382,-22.5
roadDrive2_frame02814.png,-101.79057067474983,-22.5
roadDrive2_frame02815.png,-102.55450280242366,-22.5
roadDrive2_frame02816.png,-102.88342018702507,-22.5
roadDrive2_frame02817.png,-103.17921878355602,-21.0
roadDrive2_frame02818.png,-104.13261680382585,-21.0
roadDrive2_frame02819.png,-104.80669192118145,-22.5
